"Date","Dernier","Ouv."," Plus Haut","Plus Bas","Vol.","Variation %"
"05/04/2024","227,99","219,84","228,79","219,75","","0,94%"
"04/04/2024","225,86","226,55","226,55","222,86","","0,69%"
"03/04/2024","224,31","218,55","224,40","217,97","","4,39%"
"02/04/2024","214,89","209,68","215,69","209,68","","3,39%"
"01/04/2024","207,84","209,18","211,42","206,12","","0,63%"
"28/03/2024","206,54","204,67","207,61","203,13","","0,66%"
"27/03/2024","205,18","203,05","205,41","203,01","","0,52%"
"26/03/2024","204,11","205,54","207,65","203,30","","-1,08%"
"25/03/2024","206,33","207,15","207,57","204,92","","0,19%"
"22/03/2024","205,94","204,87","208,15","203,80","","-0,66%"
"21/03/2024","207,29","214,82","215,32","205,79","","-0,39%"
"20/03/2024","208,10","208,40","209,14","206,66","","-0,12%"
"19/03/2024","208,36","209,56","210,18","206,57","","-0,51%"
"18/03/2024","209,43","209,39","211,67","208,77","","-0,46%"
"15/03/2024","210,39","208,27","212,67","207,94","","1,28%"
"14/03/2024","207,73","209,76","209,85","206,86","","-0,38%"
"13/03/2024","208,53","201,68","208,89","201,23","","3,12%"
"12/03/2024","202,21","204,83","206,37","200,90","","-1,30%"
"11/03/2024","204,87","203,51","205,08","202,64","","0,68%"
"08/03/2024","203,50","203,01","206,03","202,43","","-0,12%"
"07/03/2024","203,74","201,77","205,00","200,81","","0,35%"
"06/03/2024","203,03","197,99","203,13","197,37","","2,12%"
"05/03/2024","198,81","198,45","202,64","197,95","","-0,03%"
"04/03/2024","198,87","193,06","199,36","192,56","","2,68%"
"01/03/2024","193,68","189,95","193,97","188,30","","2,09%"
"29/02/2024","189,70","188,42","190,66","186,60","","1,10%"
"28/02/2024","187,64","187,84","188,46","186,31","","-0,53%"
"27/02/2024","188,64","188,79","190,08","187,76","","0,10%"
"26/02/2024","188,46","190,74","191,53","188,01","","-1,96%"
"23/02/2024","192,22","189,75","192,48","189,04","","0,81%"
"22/02/2024","190,68","192,48","194,35","190,45","","-0,39%"
"21/02/2024","191,44","192,48","194,35","190,78","","-1,10%"
"20/02/2024","193,57","192,48","194,35","192,07","","-1,41%"
"16/02/2024","196,34","190,20","196,87","183,94","","2,24%"
"15/02/2024","192,03","190,20","193,66","183,94","","2,51%"
"14/02/2024","187,33","190,20","193,66","183,94","","1,05%"
"13/02/2024","185,39","190,20","193,66","184,57","","-2,69%"
"12/02/2024","190,51","190,20","193,66","188,91","","0,76%"
"09/02/2024","189,07","190,61","190,71","187,65","","-0,18%"
"08/02/2024","189,42","189,55","189,98","185,76","","1,23%"
"07/02/2024","187,12","189,55","189,84","186,53","","-0,52%"
"06/02/2024","188,11","189,55","189,84","186,87","","0,25%"
"05/02/2024","187,64","189,55","189,84","186,87","","-1,64%"
"02/02/2024","190,77","192,60","196,20","188,29","","-1,89%"
"01/02/2024","194,45","192,60","196,20","189,21","","0,29%"
"31/01/2024","193,89","192,60","196,20","191,51","","-0,24%"
"30/01/2024","194,36","192,60","196,03","191,51","","-0,11%"
"29/01/2024","194,57","192,60","195,32","191,51","","1,66%"
"26/01/2024","191,40","191,14","193,69","190,97","","-0,24%"
"25/01/2024","191,86","191,14","193,69","191,05","","0,17%"
"24/01/2024","191,55","188,16","193,19","188,00","","1,90%"
"23/01/2024","187,97","186,45","188,88","186,32","","0,74%"
"22/01/2024","186,58","190,05","190,05","184,44","","-1,83%"
"19/01/2024","190,06","191,64","192,27","189,13","","-0,42%"
"18/01/2024","190,86","189,88","191,18","188,75","","0,61%"
"17/01/2024","189,70","192,77","192,81","189,63","","-1,84%"
"16/01/2024","193,25","194,98","195,45","192,68","","-1,01%"
"12/01/2024","195,23","192,85","198,46","192,27","","2,75%"
"11/01/2024","190,01","193,48","195,65","189,42","","-1,57%"
"10/01/2024","193,03","193,90","194,90","192,14","","-0,11%"
"09/01/2024","193,24","195,24","197,20","193,19","","-0,94%"
"08/01/2024","195,07","194,69","195,86","192,64","","-0,02%"
"05/01/2024","195,11","195,11","198,42","192,22","","0,55%"
"04/01/2024","194,04","193,52","194,61","191,51","","0,13%"
"03/01/2024","193,79","200,17","200,42","192,89","","-3,32%"
"02/01/2024","200,45","201,81","203,65","200,05","","-0,55%"
"29/12/2023","201,56","201,30","202,64","198,88","","-1,17%"
"28/12/2023","203,96","206,53","206,87","203,48","","-1,09%"
"27/12/2023","206,21","205,07","206,95","202,73","","1,00%"
"26/12/2023","204,16","206,07","206,70","203,69","","-0,69%"
"22/12/2023","205,57","207,20","208,33","204,69","","-0,08%"
"21/12/2023","205,74","205,36","207,41","204,48","","-0,19%"
"20/12/2023","206,12","204,19","207,12","202,89","","1,27%"
"19/12/2023","203,53","201,93","204,78","201,26","","0,89%"
"18/12/2023","201,74","202,39","203,81","200,59","","-0,19%"
"15/12/2023","202,13","204,23","205,78","201,72","","-0,95%"
"14/12/2023","204,07","202,47","205,19","201,47","","6,39%"
"13/12/2023","191,81","192,47","192,98","190,72","","-0,41%"
"12/12/2023","192,61","193,52","196,11","192,27","","-0,18%"
"11/12/2023","192,96","194,78","195,61","192,68","","-0,94%"
"08/12/2023","194,78","202,22","202,60","194,52","","-3,25%"
"07/12/2023","201,34","202,18","203,77","200,05","","-0,70%"
"06/12/2023","202,75","205,40","206,78","202,60","","-1,30%"
"05/12/2023","205,41","208,21","209,38","203,60","","-1,45%"
"04/12/2023","208,43","217,08","217,33","207,50","","-3,67%"
"01/12/2023","216,38","214,78","217,04","213,31","","0,77%"
"30/11/2023","214,73","213,14","214,82","211,97","","0,85%"
"29/11/2023","212,92","213,14","214,82","211,35","","0,56%"
"28/11/2023","211,74","209,21","212,56","208,71","","1,05%"
"27/11/2023","209,53","209,84","211,60","208,96","","1,40%"
"24/11/2023","206,63","201,39","206,74","200,51","","2,74%"
"22/11/2023","201,12","202,10","203,81","200,30","","-0,78%"
"21/11/2023","202,69","201,93","204,44","199,96","","1,09%"
"20/11/2023","200,50","201,72","202,60","197,91","","-1,00%"
"17/11/2023","202,52","202,89","205,53","201,51","","-0,31%"
"16/11/2023","203,16","198,42","205,03","198,42","","1,68%"
"15/11/2023","199,81","196,83","201,18","196,83","","1,75%"
"14/11/2023","196,37","190,38","197,33","189,92","","3,40%"
"13/11/2023","189,91","187,62","189,97","186,31","","0,33%"
"10/11/2023","189,28","193,21","193,49","189,28","","-2,70%"
"09/11/2023","194,53","190,98","195,90","190,47","","0,79%"
"08/11/2023","193,01","191,94","194,74","190,08","","0,61%"
"07/11/2023","191,84","195,20","195,37","191,17","","-2,78%"
"06/11/2023","197,32","197,45","198,39","196,10","","-0,22%"
"03/11/2023","197,75","193,29","198,77","192,66","","1,92%"
"02/11/2023","194,02","195,97","197,33","193,34","","0,25%"
"01/11/2023","193,55","193,72","196,39","192,40","","-0,71%"
"31/10/2023","194,92","198,56","199,03","194,57","","-1,90%"
"30/10/2023","198,69","197,37","201,66","196,82","","2,22%"
"27/10/2023","194,37","194,86","195,84","193,59","","-0,09%"
"26/10/2023","194,55","195,88","197,67","191,64","","-0,43%"
"25/10/2023","195,39","196,18","196,44","192,91","","-0,47%"
"24/10/2023","196,32","197,20","198,30","193,72","","-0,40%"
"23/10/2023","197,11","197,92","199,49","195,97","","-1,25%"
"20/10/2023","199,61","197,33","202,76","195,50","","2,05%"
"19/10/2023","195,59","195,16","196,82","193,59","","-0,29%"
"18/10/2023","196,17","196,31","199,45","194,01","","0,33%"
"17/10/2023","195,53","192,15","196,82","191,42","","1,14%"
"16/10/2023","193,34","193,42","194,40","192,27","","-0,57%"
"13/10/2023","194,44","187,09","194,99","186,92","","4,26%"
"12/10/2023","186,49","189,17","190,15","185,86","","-0,79%"
"11/10/2023","187,97","187,01","189,13","186,46","","0,82%"
"10/10/2023","186,44","187,01","187,35","184,97","","0,13%"
"09/10/2023","186,19","186,54","187,22","184,38","","0,93%"
"06/10/2023","184,49","179,62","184,89","178,05","","3,35%"
"05/10/2023","178,51","181,28","182,21","177,20","","-0,60%"
"04/10/2023","179,59","180,04","183,14","177,20","","-1,08%"
"03/10/2023","181,55","178,52","183,27","177,24","","-0,21%"
"02/10/2023","181,92","188,20","188,32","181,53","","-4,58%"
"29/09/2023","190,66","194,48","202,08","190,53","","-1,28%"
"28/09/2023","193,13","193,04","194,91","192,06","","0,07%"
"27/09/2023","192,99","196,01","196,31","192,32","","-2,03%"
"26/09/2023","197,00","198,22","198,30","196,18","","-0,81%"
"25/09/2023","198,60","202,13","203,14","197,79","","-1,93%"
"22/09/2023","202,50","201,70","204,16","201,53","","0,66%"
"21/09/2023","201,17","198,73","201,32","195,88","","-0,63%"
"20/09/2023","202,43","198,73","202,76","198,13","","1,62%"
"19/09/2023","199,20","199,66","201,28","198,47","","-0,18%"
"18/09/2023","199,56","198,56","199,70","198,09","","0,48%"
"15/09/2023","198,61","196,90","200,30","196,39","","1,70%"
"14/09/2023","195,28","196,99","197,03","191,64","","-0,81%"
"13/09/2023","196,87","197,75","198,18","195,63","","-0,94%"
"12/09/2023","198,75","198,56","199,41","196,31","","0,08%"
"11/09/2023","198,58","197,79","199,70","197,45","","0,90%"
"08/09/2023","196,81","198,69","199,15","196,48","","-0,28%"
"07/09/2023","197,37","199,32","199,32","196,48","","-1,12%"
"06/09/2023","199,60","202,30","203,27","198,05","","-1,55%"
"05/09/2023","202,75","205,73","205,90","202,30","","-2,81%"
"01/09/2023","208,60","211,64","214,10","208,24","","-1,01%"
"31/08/2023","210,72","212,53","212,74","210,19","","-1,16%"
"30/08/2023","213,20","212,91","215,88","211,64","","-0,14%"
"29/08/2023","213,50","208,96","213,97","208,58","","2,17%"
"28/08/2023","208,96","208,75","210,19","207,73","","0,09%"
"25/08/2023","208,77","208,45","210,49","206,50","","0,03%"
"24/08/2023","208,71","209,22","209,98","207,65","","-0,55%"
"23/08/2023","209,85","202,89","209,94","202,72","","3,99%"
"22/08/2023","201,81","201,19","202,38","200,34","","0,44%"
"21/08/2023","200,93","195,88","200,94","195,67","","2,60%"
"18/08/2023","195,84","197,16","197,37","195,42","","0,08%"
"17/08/2023","195,69","193,76","198,60","193,51","","0,81%"
"16/08/2023","194,11","194,91","196,69","194,06","","-0,51%"
"15/08/2023","195,10","195,37","196,01","191,81","","-0,26%"
"14/08/2023","195,62","195,29","196,60","193,21","","-0,21%"
"11/08/2023","196,03","196,49","197,41","195,00","","-0,35%"
"10/08/2023","196,72","196,09","198,68","195,53","","0,40%"
"09/08/2023","195,93","197,74","198,09","195,62","","-0,35%"
"08/08/2023","196,62","199,66","200,43","196,01","","-1,83%"
"07/08/2023","200,29","203,98","204,11","199,59","","-2,04%"
"04/08/2023","204,47","204,11","205,88","201,91","","0,08%"
"03/08/2023","204,30","205,88","205,88","202,65","","-0,73%"
"02/08/2023","205,81","211,35","212,30","205,02","","-1,87%"
"01/08/2023","209,73","213,77","213,90","209,16","","-2,59%"
"31/07/2023","215,29","210,75","215,41","209,67","","1,95%"
"28/07/2023","211,18","209,29","211,57","209,07","","0,53%"
"27/07/2023","210,08","217,05","218,25","208,55","","-2,41%"
"26/07/2023","215,28","213,55","216,61","212,82","","0,59%"
"25/07/2023","214,02","212,56","214,63","212,30","","0,99%"
"24/07/2023","211,92","214,33","214,50","210,67","","-1,10%"
"21/07/2023","214,29","216,01","216,44","213,55","","-0,43%"
"20/07/2023","215,21","219,16","219,55","214,67","","-1,67%"
"19/07/2023","218,87","217,91","219,42","216,83","","0,52%"
"18/07/2023","217,74","216,53","218,94","215,36","","0,95%"
"17/07/2023","215,69","215,75","216,70","213,94","","-0,70%"
"14/07/2023","217,21","216,18","217,69","214,76","","0,98%"
"13/07/2023","215,10","210,58","215,23","209,76","","2,63%"
"12/07/2023","209,59","201,70","210,10","200,97","","4,42%"
"11/07/2023","200,72","201,31","203,29","200,19","","-0,27%"
"10/07/2023","201,27","200,58","201,44","197,82","","0,24%"
"07/07/2023","200,79","197,09","201,44","196,61","","1,74%"
"06/07/2023","197,35","201,87","202,35","196,01","","-2,19%"
"05/07/2023","201,76","199,50","202,82","198,08","","1,25%"
"03/07/2023","199,26","197,99","200,71","197,56","","0,40%"
"30/06/2023","198,47","196,48","198,72","194,33","","0,97%"
"29/06/2023","196,55","198,64","199,16","193,90","","-1,24%"
"28/06/2023","199,02","199,29","199,85","196,53","","-0,28%"
"27/06/2023","199,57","199,85","201,10","198,25","","0,54%"
"26/06/2023","198,50","198,12","199,50","196,83","","2,11%"
"23/06/2023","194,41","192,95","197,43","192,60","","-0,53%"
"22/06/2023","195,45","197,26","197,35","194,07","","-1,52%"
"21/06/2023","198,46","201,44","201,91","196,09","","-1,82%"
"20/06/2023","202,13","208,08","209,42","201,05","","-3,67%"
"16/06/2023","209,84","209,11","211,27","208,08","","0,75%"
"15/06/2023","208,28","204,63","208,42","202,56","","-0,68%"
"14/06/2023","209,70","207,95","210,28","207,22","","1,18%"
"13/06/2023","207,25","210,17","213,02","206,87","","-0,97%"
"12/06/2023","209,29","210,45","212,16","208,43","","-1,44%"
"09/06/2023","212,34","212,09","214,10","211,25","","0,25%"
"08/06/2023","211,81","205,30","212,74","205,14","","3,47%"
"07/06/2023","204,70","205,79","210,19","204,31","","-0,60%"
"06/06/2023","205,92","205,49","207,62","203,75","","0,15%"
"05/06/2023","205,62","206,01","206,79","202,88","","-0,47%"
"02/06/2023","206,59","208,45","209,84","206,40","","-1,00%"
"01/06/2023","208,68","206,05","209,01","203,23","","1,70%"
"31/05/2023","205,20","201,83","206,49","201,75","","1,50%"
"30/05/2023","202,17","203,23","203,97","200,36","","-0,52%"
"26/05/2023","203,23","199,75","204,10","199,40","","1,96%"
"25/05/2023","199,31","200,75","202,36","198,96","","-1,42%"
"24/05/2023","202,18","204,79","205,79","201,31","","-1,63%"
"23/05/2023","205,52","205,92","206,88","202,14","","-0,99%"
"22/05/2023","207,58","208,18","209,36","206,75","","-0,83%"
"19/05/2023","209,32","205,18","210,32","205,01","","1,81%"
"18/05/2023","205,60","208,05","208,23","204,36","","-1,10%"
"17/05/2023","207,90","208,36","209,27","206,45","","0,02%"
"16/05/2023","207,86","211,01","211,01","207,23","","-1,64%"
"15/05/2023","211,33","210,75","212,23","209,23","","0,57%"
"12/05/2023","210,13","210,36","212,23","208,01","","-1,11%"
"11/05/2023","212,48","222,50","222,58","211,66","","-4,81%"
"10/05/2023","223,22","224,80","227,89","221,50","","-0,93%"
"09/05/2023","225,31","224,54","225,41","222,50","","0,25%"
"08/05/2023","224,75","225,50","226,11","224,28","","-0,37%"
"05/05/2023","225,58","229,85","229,98","221,15","","-1,13%"
"04/05/2023","228,17","227,15","228,93","223,63","","2,13%"
"03/05/2023","223,42","222,50","224,32","220,67","","0,24%"
"02/05/2023","222,88","218,93","224,11","215,93","","1,54%"
"01/05/2023","219,49","219,54","228,02","218,76","","0,02%"
"28/04/2023","219,46","219,41","220,45","217,54","","0,07%"
"27/04/2023","219,31","219,10","220,84","215,41","","0,55%"
"26/04/2023","218,11","220,45","221,89","217,84","","-0,07%"
"25/04/2023","218,26","222,28","222,28","218,26","","-1,71%"
"24/04/2023","222,05","219,84","222,10","218,02","","0,97%"
"21/04/2023","219,93","222,24","223,41","219,41","","-1,23%"
"20/04/2023","222,67","222,28","224,45","220,80","","0,02%"
"19/04/2023","222,63","221,10","223,37","216,88","","0,42%"
"18/04/2023","221,70","220,50","223,06","219,71","","0,70%"
"17/04/2023","220,16","223,28","225,54","218,80","","-1,47%"
"14/04/2023","223,44","229,43","230,02","221,76","","-1,76%"
"13/04/2023","227,45","225,08","228,96","223,93","","1,83%"
"12/04/2023","223,38","223,62","226,48","221,07","","1,07%"
"11/04/2023","221,00","219,45","221,78","219,15","","1,10%"
"10/04/2023","218,59","219,02","221,43","218,27","","-0,72%"
"06/04/2023","220,18","218,84","220,73","216,73","","0,22%"
"05/04/2023","219,69","221,08","221,96","217,61","","-0,25%"
"04/04/2023","220,25","210,50","220,60","210,37","","4,50%"
"03/04/2023","210,78","210,33","213,44","208,18","","-0,56%"
"31/03/2023","211,96","210,86","213,27","209,14","","0,70%"
"30/03/2023","210,50","205,55","211,34","205,46","","2,23%"
"29/03/2023","205,91","205,33","206,47","203,66","","0,20%"
"28/03/2023","205,50","204,23","205,85","201,51","","1,19%"
"27/03/2023","203,09","203,88","204,19","201,82","","-0,83%"
"24/03/2023","204,79","203,27","207,96","202,91","","0,36%"
"23/03/2023","204,06","201,42","204,63","201,16","","2,06%"
"22/03/2023","199,94","198,09","200,81","196,64","","1,61%"
"21/03/2023","196,77","198,97","199,89","195,63","","-0,98%"
"20/03/2023","198,71","196,55","200,41","196,20","","0,82%"
"17/03/2023","197,10","193,44","197,17","192,47","","3,55%"
"16/03/2023","190,34","191,55","194,75","189,49","","-0,87%"
"15/03/2023","192,01","192,08","197,61","190,02","","-0,72%"
"14/03/2023","193,39","191,11","193,70","189,58","","0,53%"
"13/03/2023","192,37","181,28","193,39","181,28","","6,91%"
"10/03/2023","179,93","176,06","183,13","175,05","","1,69%"
"09/03/2023","176,94","175,93","178,61","175,76","","0,07%"
"08/03/2023","176,82","175,23","178,04","175,14","","-0,24%"
"07/03/2023","177,24","185,58","186,15","177,03","","-4,43%"
"06/03/2023","185,45","187,47","187,69","185,19","","-0,48%"
"03/03/2023","186,36","184,93","186,42","183,61","","1,61%"
"02/03/2023","183,40","184,27","184,66","182,25","","-0,92%"
"01/03/2023","185,10","185,32","186,77","184,31","","0,11%"
"28/02/2023","184,89","182,12","185,32","180,01","","1,34%"
"27/02/2023","182,45","182,38","183,35","181,15","","-0,68%"
"24/02/2023","183,71","188,00","188,44","183,26","","-2,34%"
"23/02/2023","188,11","191,16","191,38","188,00","","-1,73%"
"22/02/2023","191,43","193,00","194,14","190,63","","-0,96%"
"21/02/2023","193,28","192,16","194,23","191,29","","0,76%"
"17/02/2023","191,82","189,84","192,25","187,03","","-0,06%"
"16/02/2023","191,95","192,60","192,60","189,31","","0,58%"
"15/02/2023","190,84","192,78","192,87","189,49","","-1,41%"
"14/02/2023","193,57","194,31","195,06","191,20","","0,08%"
"13/02/2023","193,41","193,82","195,42","192,86","","-1,00%"
"10/02/2023","195,37","194,16","197,37","193,31","","-0,32%"
"09/02/2023","196,01","198,34","200,14","195,21","","-1,24%"
"08/02/2023","198,46","197,70","199,70","196,87","","1,09%"
"07/02/2023","196,32","198,12","198,91","195,90","","-0,27%"
"06/02/2023","196,85","198,43","200,38","196,30","","-0,75%"
"03/02/2023","198,34","208,56","209,09","197,72","","-5,12%"
"02/02/2023","209,05","215,03","218,88","208,21","","0,03%"
"01/02/2023","209,00","210,20","210,95","207,50","","-0,95%"
"31/01/2023","211,01","210,33","211,26","204,09","","0,43%"
"30/01/2023","210,10","210,16","211,48","209,40","","0,47%"
"27/01/2023","209,11","211,84","212,19","207,06","","-1,66%"
"26/01/2023","212,64","212,33","216,00","209,71","","0,33%"
"25/01/2023","211,94","209,98","212,10","207,55","","0,81%"
"24/01/2023","210,24","209,76","211,13","206,35","","0,83%"
"23/01/2023","208,51","214,23","214,63","202,50","","-1,59%"
"20/01/2023","211,88","212,95","214,41","210,95","","0,27%"
"19/01/2023","211,31","208,12","211,53","206,13","","0,94%"
"18/01/2023","209,33","213,39","216,80","208,52","","-1,75%"
"17/01/2023","213,06","215,47","215,91","212,68","","-1,25%"
"13/01/2023","215,75","211,88","216,09","209,14","","1,53%"
"12/01/2023","212,49","209,80","215,34","209,32","","2,23%"
"11/01/2023","207,86","210,02","214,14","206,62","","-0,78%"
"10/01/2023","209,49","209,58","211,62","208,48","","-0,86%"
"09/01/2023","211,32","214,45","214,98","210,91","","-0,46%"
"06/01/2023","212,30","207,72","212,86","207,68","","2,38%"
"05/01/2023","207,36","211,88","212,59","206,00","","-2,25%"
"04/01/2023","212,14","214,58","218,04","211,35","","-1,12%"
"03/01/2023","214,55","216,53","219,23","213,83","","0,82%"
"30/12/2022","212,81","214,05","215,65","209,94","","-0,87%"
"29/12/2022","214,67","210,20","214,89","210,16","","1,72%"
"28/12/2022","211,04","214,14","214,89","209,80","","-1,56%"
"27/12/2022","214,38","213,88","216,80","212,59","","1,24%"
"23/12/2022","211,75","210,60","213,30","210,29","","1,26%"
"22/12/2022","209,11","214,14","215,11","208,70","","-2,36%"
"21/12/2022","214,18","215,29","216,18","212,95","","-0,32%"
"20/12/2022","214,86","206,44","215,60","204,45","","4,62%"
"19/12/2022","205,37","207,50","209,09","203,92","","-0,55%"
"16/12/2022","206,51","206,84","207,55","201,26","","0,10%"
"15/12/2022","206,31","209,23","209,23","205,07","","-3,44%"
"14/12/2022","213,66","212,02","214,54","211,04","","0,61%"
"13/12/2022","212,37","209,58","215,82","208,30","","2,51%"
"12/12/2022","207,17","207,99","210,16","206,44","","-1,32%"
"09/12/2022","209,95","207,19","211,53","204,89","","2,03%"
"08/12/2022","205,78","201,48","207,32","201,35","","1,41%"
"07/12/2022","202,92","198,29","203,30","197,81","","2,63%"
"06/12/2022","197,72","199,49","201,61","197,50","","-0,37%"
"05/12/2022","198,45","208,65","208,87","197,90","","-3,58%"
"02/12/2022","205,82","202,19","207,77","199,14","","1,79%"
"01/12/2022","202,20","199,05","202,99","196,88","","4,87%"
"30/11/2022","192,82","189,75","195,86","189,18","","1,61%"
"29/11/2022","189,76","187,98","191,43","187,94","","1,47%"
"28/11/2022","187,01","189,88","193,07","186,34","","-2,24%"
"25/11/2022","191,29","192,41","192,50","189,04","","0,39%"
"23/11/2022","190,56","188,60","191,61","186,74","","1,40%"
"22/11/2022","187,93","188,69","190,81","187,01","","0,79%"
"21/11/2022","186,45","185,37","187,23","184,04","","-0,63%"
"18/11/2022","187,64","188,60","190,42","186,65","","0,15%"
"17/11/2022","187,35","191,08","191,26","185,72","","-2,59%"
"16/11/2022","192,33","193,34","197,63","191,66","","0,15%"
"15/11/2022","192,04","196,70","199,18","191,52","","-2,57%"
"14/11/2022","197,12","192,50","197,19","190,64","","2,04%"
"11/11/2022","193,18","193,57","197,42","190,65","","-0,15%"
"10/11/2022","193,46","188,56","195,23","187,68","","1,75%"
"09/11/2022","190,13","190,95","193,19","189,02","","-0,82%"
"08/11/2022","191,70","185,05","193,56","183,39","","2,78%"
"07/11/2022","186,51","183,40","187,90","182,19","","0,65%"
"04/11/2022","185,30","174,44","185,71","174,12","","6,97%"
"03/11/2022","173,23","172,83","173,50","167,66","","-0,84%"
"02/11/2022","174,69","175,42","177,29","174,26","","-0,37%"
"01/11/2022","175,34","172,07","178,54","172,03","","2,87%"
"31/10/2022","170,46","170,33","171,23","168,28","","-0,15%"
"28/10/2022","170,71","174,66","174,93","169,00","","-1,78%"
"27/10/2022","173,80","174,35","174,93","171,67","","0,04%"
"26/10/2022","173,73","172,30","176,22","172,25","","0,71%"
"25/10/2022","172,51","171,27","172,92","167,12","","0,83%"
"24/10/2022","171,08","171,40","173,01","169,31","","0,65%"
"21/10/2022","169,99","165,43","170,69","162,31","","2,02%"
"20/10/2022","166,63","162,40","169,00","161,86","","1,80%"
"19/10/2022","163,68","166,72","166,86","163,20","","-1,30%"
"18/10/2022","165,83","166,05","168,19","164,85","","-0,64%"
"17/10/2022","166,89","163,65","168,37","163,11","","3,59%"
"14/10/2022","161,12","169,04","169,71","160,62","","-4,48%"
"13/10/2022","168,67","169,40","171,94","164,23","","-0,11%"
"12/10/2022","168,85","169,98","172,07","167,97","","-2,82%"
"11/10/2022","173,74","174,48","175,01","171,45","","-0,65%"
"10/10/2022","174,88","177,20","178,05","174,08","","-3,16%"
"07/10/2022","180,59","184,11","185,98","179,61","","-1,96%"
"06/10/2022","184,20","185,31","186,61","181,97","","0,56%"
"05/10/2022","183,16","187,32","187,72","178,22","","-2,63%"
"04/10/2022","188,11","184,69","189,90","184,55","","2,48%"
"03/10/2022","183,56","171,63","184,33","170,82","","8,14%"
"30/09/2022","169,75","167,57","172,03","167,17","","1,75%"
"29/09/2022","166,83","167,39","167,88","164,63","","-0,89%"
"28/09/2022","168,33","162,35","168,64","159,64","","2,96%"
"27/09/2022","163,49","164,81","167,48","163,16","","-0,77%"
"26/09/2022","164,76","166,23","169,75","164,41","","-2,27%"
"23/09/2022","168,60","175,51","175,86","167,35","","-3,60%"
"22/09/2022","174,90","172,74","177,24","172,07","","0,70%"
"21/09/2022","173,68","171,85","176,17","171,72","","1,55%"
"20/09/2022","171,03","173,68","174,70","170,07","","-0,90%"
"19/09/2022","172,59","173,63","173,99","171,54","","-0,12%"
"16/09/2022","172,79","170,33","174,12","167,44","","0,58%"
"15/09/2022","171,80","174,84","174,93","170,42","","-1,53%"
"14/09/2022","174,47","172,03","175,46","171,67","","0,40%"
"13/09/2022","173,78","174,79","177,69","172,61","","-1,86%"
"12/09/2022","177,07","168,11","178,36","167,44","","5,82%"
"09/09/2022","167,32","165,97","168,15","164,85","","1,76%"
"08/09/2022","164,42","163,56","166,41","162,71","","1,00%"
"07/09/2022","162,80","158,79","163,11","158,16","","1,97%"
"06/09/2022","159,66","162,27","164,54","159,46","","0,15%"
"02/09/2022","159,42","157,58","161,91","157,14","","1,22%"
"01/09/2022","157,50","156,78","157,94","155,22","","-1,21%"
"31/08/2022","159,43","163,25","163,96","158,74","","-2,21%"
"30/08/2022","163,04","165,61","166,72","162,58","","-2,05%"
"29/08/2022","166,46","165,03","167,48","164,05","","-0,82%"
"26/08/2022","167,84","170,20","172,74","167,35","","-1,75%"
"25/08/2022","170,83","171,09","172,34","169,67","","0,99%"
"24/08/2022","169,17","169,58","170,91","168,51","","-0,77%"
"23/08/2022","170,48","169,58","171,67","167,12","","0,74%"
"22/08/2022","169,22","170,56","170,96","166,86","","-1,02%"
"19/08/2022","170,97","173,28","173,45","169,75","","-2,01%"
"18/08/2022","174,47","176,80","178,27","173,99","","-1,39%"
"17/08/2022","176,93","179,70","181,43","176,04","","-1,78%"
"16/08/2022","180,13","180,63","181,61","178,31","","-1,02%"
"15/08/2022","181,99","186,56","186,56","179,92","","-2,08%"
"12/08/2022","185,85","182,01","186,61","181,39","","1,69%"
"11/08/2022","182,76","184,33","184,98","181,44","","-1,87%"
"10/08/2022","186,25","183,99","186,96","182,56","","1,26%"
"09/08/2022","183,94","185,18","186,27","183,23","","-0,64%"
"08/08/2022","185,12","178,21","186,21","178,00","","3,88%"
"05/08/2022","178,20","181,10","182,09","175,00","","-1,39%"
"04/08/2022","180,72","179,58","182,90","179,04","","1,15%"
"03/08/2022","178,67","178,59","180,79","177,87","","-1,22%"
"02/08/2022","180,87","182,09","184,07","180,38","","-1,10%"
"01/08/2022","182,87","181,01","184,16","180,52","","0,82%"
"29/07/2022","181,39","179,62","182,09","178,09","","1,66%"
"28/07/2022","178,44","172,03","178,99","171,81","","6,82%"
"27/07/2022","167,05","166,10","168,62","164,94","","0,35%"
"26/07/2022","166,46","165,52","167,14","164,49","","1,13%"
"25/07/2022","164,60","166,02","167,63","163,46","","-1,55%"
"22/07/2022","167,20","168,40","169,52","166,78","","-0,54%"
"21/07/2022","168,12","165,93","168,35","162,74","","0,27%"
"20/07/2022","167,66","167,77","170,86","167,36","","-0,24%"
"19/07/2022","168,06","166,28","169,16","166,24","","-0,67%"
"18/07/2022","169,20","168,04","170,06","167,81","","1,32%"
"15/07/2022","166,99","164,80","167,86","162,56","","2,02%"
"14/07/2022","163,68","170,95","171,76","161,79","","-5,05%"
"13/07/2022","172,38","169,74","173,83","168,75","","1,24%"
"12/07/2022","170,26","171,58","171,85","167,68","","-0,91%"
"11/07/2022","171,83","171,99","173,38","171,40","","-0,54%"
"08/07/2022","172,76","172,35","174,10","170,15","","0,25%"
"07/07/2022","172,33","171,22","174,50","171,22","","0,15%"
"06/07/2022","172,07","171,49","173,56","169,02","","0,20%"
"05/07/2022","171,73","180,43","180,43","170,91","","-2,78%"
"01/07/2022","176,63","180,88","181,42","173,33","","-3,37%"
"30/06/2022","182,78","186,09","186,67","180,97","","-1,86%"
"29/06/2022","186,25","187,48","189,14","185,14","","-0,64%"
"28/06/2022","187,45","189,23","191,93","187,45","","-1,49%"
"27/06/2022","190,28","191,97","193,77","190,13","","0,13%"
"24/06/2022","190,03","188,92","190,67","185,19","","0,32%"
"23/06/2022","189,42","191,61","193,63","189,28","","-1,89%"
"22/06/2022","193,07","193,14","194,40","191,16","","-1,62%"
"21/06/2022","196,25","195,47","197,81","193,50","","0,78%"
"17/06/2022","194,72","196,64","197,94","194,49","","-1,34%"
"16/06/2022","197,36","195,29","197,99","192,24","","2,20%"
"15/06/2022","193,11","190,67","195,25","190,13","","2,19%"
"14/06/2022","188,98","190,40","192,64","188,02","","-1,43%"
"13/06/2022","191,73","195,16","195,77","188,74","","-3,07%"
"10/06/2022","197,80","195,02","198,54","191,80","","0,52%"
"09/06/2022","196,78","198,66","199,79","194,36","","-1,26%"
"08/06/2022","199,28","200,04","200,48","196,72","","-0,38%"
"07/06/2022","200,04","198,62","200,74","197,17","","0,39%"
"06/06/2022","199,27","200,65","203,49","198,89","","0,84%"
"03/06/2022","197,61","202,81","203,13","197,22","","-1,65%"
"02/06/2022","200,92","196,77","201,64","196,54","","1,64%"
"01/06/2022","197,67","194,11","198,35","193,12","","1,05%"
"31/05/2022","195,62","196,41","198,30","193,66","","-1,85%"
"27/05/2022","199,30","199,61","202,63","198,80","","0,60%"
"26/05/2022","198,12","197,13","199,02","196,00","","0,43%"
"25/05/2022","197,26","198,98","199,29","195,96","","-0,87%"
"24/05/2022","199,01","195,46","200,29","195,24","","1,57%"
"23/05/2022","195,94","196,81","200,24","195,46","","0,23%"
"20/05/2022","195,50","197,04","199,16","194,78","","-1,07%"
"19/05/2022","197,61","193,02","198,35","191,76","","1,69%"
"18/05/2022","194,32","194,60","196,18","192,93","","-0,95%"
"17/05/2022","196,18","195,28","197,76","194,51","","0,92%"
"16/05/2022","194,39","190,73","194,51","188,02","","2,62%"
"13/05/2022","189,43","187,21","190,18","184,28","","1,10%"
"12/05/2022","187,37","194,56","194,56","186,58","","-3,72%"
"11/05/2022","194,60","192,93","197,81","192,30","","0,70%"
"10/05/2022","193,24","196,45","199,20","192,98","","-1,81%"
"09/05/2022","196,81","200,96","201,01","195,46","","-2,45%"
"06/05/2022","201,75","200,96","204,35","200,87","","-0,34%"
"05/05/2022","202,43","209,67","210,03","201,41","","0,18%"
"04/05/2022","202,06","203,62","204,84","200,42","","-1,16%"
"03/05/2022","204,44","204,57","206,46","202,59","","0,36%"
"02/05/2022","203,70","204,25","205,88","199,65","","-2,17%"
"29/04/2022","208,22","210,52","213,27","207,28","","-0,41%"
"28/04/2022","209,09","210,70","211,02","207,37","","-1,38%"
"27/04/2022","212,01","213,23","214,67","210,88","","-0,36%"
"26/04/2022","212,78","215,03","216,79","212,64","","-0,59%"
"25/04/2022","214,04","217,02","217,11","211,83","","-2,42%"
"22/04/2022","219,35","222,61","223,15","217,97","","-1,55%"
"21/04/2022","222,81","228,38","228,43","221,53","","-2,58%"
"20/04/2022","228,70","227,44","229,83","226,17","","-0,48%"
"19/04/2022","229,81","235,82","237,00","228,29","","-2,89%"
"18/04/2022","236,65","236,19","239,57","234,74","","1,75%"
"14/04/2022","232,58","235,69","236,19","230,50","","-1,26%"
"13/04/2022","235,54","232,58","235,81","231,64","","1,16%"
"12/04/2022","232,83","228,30","233,65","226,47","","2,99%"
"11/04/2022","226,06","225,08","231,48","224,41","","0,64%"
"08/04/2022","224,62","224,02","225,03","221,70","","0,36%"
"07/04/2022","223,82","221,65","224,18","220,38","","1,13%"
"06/04/2022","221,31","220,92","223,28","219,07","","-0,31%"
"05/04/2022","222,00","222,51","227,17","221,02","","-0,23%"
"04/04/2022","222,51","224,18","226,22","220,74","","-0,26%"
"01/04/2022","223,09","226,04","226,58","222,51","","-1,91%"
"31/03/2022","227,42","224,54","228,80","223,28","","0,08%"
"30/03/2022","227,24","225,59","228,57","225,45","","1,52%"
"29/03/2022","223,83","226,94","227,39","217,71","","-1,83%"
"28/03/2022","227,99","229,57","230,20","226,49","","-1,64%"
"25/03/2022","231,78","234,81","235,54","230,52","","-1,18%"
"24/03/2022","234,54","228,75","236,71","227,76","","2,90%"
"23/03/2022","227,93","225,40","228,89","225,04","","1,14%"
"22/03/2022","225,35","229,52","230,97","223,82","","-1,62%"
"21/03/2022","229,05","228,48","230,74","226,81","","0,90%"
"18/03/2022","227,01","230,29","231,20","226,76","","-2,07%"
"17/03/2022","231,79","229,61","232,96","229,07","","3,67%"
"16/03/2022","223,59","227,12","227,76","222,87","","-1,78%"
"15/03/2022","227,65","227,03","228,03","224,09","","-0,55%"
"14/03/2022","228,91","234,77","235,54","227,71","","-3,30%"
"11/03/2022","236,71","236,67","238,43","232,55","","-0,37%"
"10/03/2022","237,58","233,05","238,98","231,96","","1,70%"
"09/03/2022","233,60","246,44","247,84","233,00","","-4,01%"
"08/03/2022","243,37","232,91","248,70","232,01","","4,57%"
"07/03/2022","232,73","236,53","237,44","230,47","","-0,27%"
"04/03/2022","233,36","229,29","233,86","227,67","","2,29%"
"03/03/2022","228,14","229,20","231,60","226,99","","0,09%"
"02/03/2022","227,94","229,16","229,70","226,08","","-1,37%"
"01/03/2022","231,11","220,88","231,74","220,56","","4,82%"
"28/02/2022","220,48","220,47","223,05","218,62","","1,45%"
"25/02/2022","217,32","221,11","222,15","216,49","","-2,80%"
"24/02/2022","223,59","225,54","232,60","223,19","","0,46%"
"23/02/2022","222,58","219,75","222,82","218,03","","0,99%"
"22/02/2022","220,39","219,52","220,97","217,44","","1,32%"
"18/02/2022","217,51","216,08","218,57","214,86","","0,48%"
"17/02/2022","216,46","212,78","216,76","212,46","","1,13%"
"16/02/2022","214,04","211,51","214,14","211,38","","1,13%"
"15/02/2022","211,65","217,49","217,58","209,25","","-2,12%"
"14/02/2022","216,24","214,86","217,21","213,87","","2,04%"
"11/02/2022","211,92","209,76","211,96","207,31","","-0,64%"
"10/02/2022","213,28","210,77","215,12","210,01","","0,78%"
"09/02/2022","211,63","210,98","211,77","209,49","","0,61%"
"08/02/2022","210,34","208,03","210,75","206,50","","0,54%"
"07/02/2022","209,22","206,35","209,30","205,90","","2,67%"
"04/02/2022","203,77","203,91","205,40","200,51","","0,45%"
"03/02/2022","202,86","204,90","205,40","199,42","","-1,46%"
"02/02/2022","205,87","205,18","207,35","203,82","","0,50%"
"01/02/2022","204,86","203,72","209,03","203,18","","0,90%"
"31/01/2022","203,03","202,95","205,40","201,73","","0,41%"
"28/01/2022","202,19","206,54","206,90","200,87","","-1,65%"
"27/01/2022","205,59","211,48","212,02","204,86","","-4,75%"
"26/01/2022","215,85","215,38","217,78","214,33","","-0,37%"
"25/01/2022","216,65","215,96","217,41","214,38","","0,40%"
"24/01/2022","215,78","219,82","220,59","213,97","","-2,14%"
"21/01/2022","220,50","221,59","223,35","220,23","","-1,60%"
"20/01/2022","224,09","219,32","224,44","218,87","","2,00%"
"19/01/2022","219,69","212,97","219,95","212,43","","3,15%"
"18/01/2022","212,99","209,35","214,65","206,90","","2,50%"
"14/01/2022","207,79","209,80","211,61","207,35","","-1,05%"
"13/01/2022","210,00","210,43","211,39","208,80","","-0,19%"
"12/01/2022","210,41","206,40","210,52","205,67","","1,73%"
"11/01/2022","206,83","204,45","206,85","203,91","","1,56%"
"10/01/2022","203,65","202,23","204,31","201,37","","0,24%"
"07/01/2022","203,17","200,91","203,59","199,06","","0,99%"
"06/01/2022","201,19","206,17","206,17","199,46","","-4,23%"
"05/01/2022","210,07","208,89","211,16","207,53","","0,49%"
"04/01/2022","209,04","206,58","209,80","205,54","","1,08%"
"03/01/2022","206,81","210,25","211,70","205,76","","-2,32%"
"31/12/2021","211,72","210,07","211,98","209,39","","1,27%"
"30/12/2021","209,07","206,44","209,84","205,18","","0,88%"
"29/12/2021","207,24","209,21","210,21","204,99","","-1,14%"
"28/12/2021","209,63","208,71","212,84","208,67","","0,57%"
"27/12/2021","208,43","207,17","209,84","205,49","","0,21%"
"23/12/2021","207,99","207,35","208,21","205,67","","0,53%"
"22/12/2021","206,89","204,36","206,94","203,50","","1,29%"
"21/12/2021","204,26","201,59","206,67","201,50","","1,07%"
"20/12/2021","202,10","203,32","203,32","201,19","","-1,07%"
"17/12/2021","204,30","203,91","205,67","203,32","","0,21%"
"16/12/2021","203,86","200,87","204,54","200,60","","4,36%"
"15/12/2021","195,34","198,87","198,96","194,66","","-1,73%"
"14/12/2021","198,77","201,59","202,18","196,56","","-1,81%"
"13/12/2021","202,44","201,96","203,32","200,91","","0,60%"
"10/12/2021","201,23","199,37","201,50","197,79","","0,83%"
"09/12/2021","199,58","202,86","203,72","198,15","","-1,87%"
"08/12/2021","203,38","204,27","204,54","202,32","","-0,40%"
"07/12/2021","204,21","202,32","205,08","201,64","","1,17%"
"06/12/2021","201,85","204,54","204,54","200,64","","-0,97%"
"03/12/2021","203,82","202,50","204,77","199,78","","0,74%"
"02/12/2021","202,33","203,68","204,00","201,46","","-0,10%"
"01/12/2021","202,54","207,08","209,03","202,50","","-2,09%"
"30/11/2021","206,85","208,48","211,70","205,95","","-0,16%"
"29/11/2021","207,19","212,52","212,70","206,54","","-1,22%"
"26/11/2021","209,75","213,83","215,51","208,08","","-1,70%"
"24/11/2021","213,39","214,20","215,28","212,66","","0,19%"
"23/11/2021","212,99","221,04","221,27","211,57","","-3,57%"
"22/11/2021","220,88","224,67","226,84","220,50","","-1,94%"
"19/11/2021","225,25","226,48","227,57","223,81","","-0,46%"
"18/11/2021","226,30","227,61","229,11","224,76","","-1,04%"
"17/11/2021","228,68","227,52","229,65","226,84","","0,90%"
"16/11/2021","226,65","229,43","231,56","226,25","","-0,64%"
"15/11/2021","228,11","228,48","230,15","226,89","","-0,94%"
"12/11/2021","230,27","229,07","231,33","226,44","","0,17%"
"11/11/2021","229,87","224,02","230,29","224,02","","2,14%"
"10/11/2021","225,06","221,06","229,12","219,18","","1,86%"
"09/11/2021","220,94","222,56","222,86","218,99","","-0,91%"
"08/11/2021","222,97","220,96","223,04","219,91","","1,59%"
"05/11/2021","219,47","217,50","219,86","215,23","","1,03%"
"04/11/2021","217,24","214,55","219,05","213,41","","2,93%"
"03/11/2021","211,06","213,37","215,00","209,46","","-1,17%"
"02/11/2021","213,57","218,86","219,27","212,91","","-2,35%"
"01/11/2021","218,71","217,00","219,55","216,37","","0,52%"
"29/10/2021","217,58","218,73","219,09","215,41","","-0,71%"
"28/10/2021","219,14","218,91","220,77","218,27","","-0,29%"
"27/10/2021","219,78","218,55","220,95","217,27","","0,43%"
"26/10/2021","218,85","222,77","223,13","217,46","","-2,05%"
"25/10/2021","223,43","221,95","224,32","221,59","","0,58%"
"22/10/2021","222,13","220,41","226,36","219,91","","1,15%"
"21/10/2021","219,59","222,45","223,00","219,14","","-1,12%"
"20/10/2021","222,09","215,78","222,54","215,37","","2,35%"
"19/10/2021","216,98","212,64","219,59","212,60","","2,66%"
"18/10/2021","211,36","212,69","213,23","209,42","","-0,36%"
"15/10/2021","212,13","214,00","214,73","209,87","","-0,55%"
"14/10/2021","213,30","208,69","213,87","208,33","","1,32%"
"13/10/2021","210,51","205,28","211,51","204,28","","2,91%"
"12/10/2021","204,55","205,46","206,92","202,97","","-0,67%"
"11/10/2021","205,92","206,83","207,42","204,51","","-0,18%"
"08/10/2021","206,28","204,33","210,92","203,87","","0,21%"
"07/10/2021","205,85","205,60","207,42","203,37","","0,56%"
"06/10/2021","204,71","204,69","205,10","201,83","","-0,34%"
"05/10/2021","205,40","204,56","205,65","203,37","","-0,16%"
"04/10/2021","205,73","205,28","206,42","202,51","","0,48%"
"01/10/2021","204,75","200,60","205,33","199,79","","2,22%"
"30/09/2021","200,30","195,42","201,74","195,06","","2,62%"
"29/09/2021","195,20","204,42","204,96","194,56","","-4,37%"
"28/09/2021","204,12","205,78","206,01","200,65","","-1,00%"
"27/09/2021","206,18","205,78","207,69","203,92","","1,20%"
"24/09/2021","203,74","205,65","207,05","200,74","","-1,12%"
"23/09/2021","206,05","205,15","207,78","204,19","","-1,00%"
"22/09/2021","208,12","206,60","208,73","205,51","","1,31%"
"21/09/2021","205,43","202,65","206,28","201,78","","1,83%"
"20/09/2021","201,73","202,10","204,37","200,33","","-0,60%"
"17/09/2021","202,94","207,28","210,14","202,83","","-2,00%"
"16/09/2021","207,09","217,96","218,00","205,28","","-4,23%"
"15/09/2021","216,24","216,55","217,41","215,19","","-0,35%"
"14/09/2021","217,00","215,59","217,09","213,19","","0,37%"
"13/09/2021","216,19","215,87","217,00","212,64","","-0,44%"
"10/09/2021","217,14","218,41","221,14","216,68","","-1,15%"
"09/09/2021","219,66","218,00","221,18","216,91","","0,50%"
"08/09/2021","218,56","221,68","222,32","217,68","","-1,30%"
"07/09/2021","221,44","225,81","225,86","220,00","","-1,73%"
"03/09/2021","225,33","217,59","226,59","217,37","","3,70%"
"02/09/2021","217,30","219,73","220,55","216,41","","-1,25%"
"01/09/2021","220,05","216,96","220,95","216,05","","0,90%"
"31/08/2021","218,10","218,91","220,41","216,59","","0,00%"
"30/08/2021","218,10","219,68","220,32","217,59","","-0,43%"
"27/08/2021","219,05","214,59","219,18","212,41","","2,18%"
"26/08/2021","214,38","217,14","217,18","213,50","","-0,95%"
"25/08/2021","216,43","216,09","217,37","214,87","","-0,48%"
"24/08/2021","217,47","215,09","218,18","214,55","","0,99%"
"23/08/2021","215,35","210,60","215,82","210,42","","2,34%"
"20/08/2021","210,42","211,46","212,10","207,87","","-0,51%"
"19/08/2021","211,50","211,82","213,82","210,14","","-0,81%"
"18/08/2021","213,23","216,05","216,91","211,91","","-1,00%"
"17/08/2021","215,39","216,91","218,05","214,59","","-0,55%"
"16/08/2021","216,58","215,78","216,78","212,96","","0,03%"
"13/08/2021","216,52","211,64","216,96","211,14","","2,86%"
"12/08/2021","210,50","213,37","213,75","209,30","","-1,57%"
"11/08/2021","213,86","212,10","214,39","211,95","","0,41%"
"10/08/2021","212,99","214,13","215,45","211,51","","0,53%"
"09/08/2021","211,87","217,96","219,17","211,61","","-4,34%"
"06/08/2021","221,49","228,95","229,72","220,43","","-3,82%"
"05/08/2021","230,28","231,13","232,77","228,76","","-0,66%"
"04/08/2021","231,82","234,27","237,50","231,13","","-0,47%"
"03/08/2021","232,92","231,36","233,54","230,17","","0,03%"
"02/08/2021","232,86","231,63","233,73","230,81","","0,11%"
"30/07/2021","232,61","233,09","233,86","231,72","","-0,91%"
"29/07/2021","234,75","229,90","235,59","229,40","","3,64%"
"28/07/2021","226,51","225,49","227,26","224,85","","0,93%"
"27/07/2021","224,43","228,95","230,54","223,21","","-2,64%"
"26/07/2021","230,52","230,63","232,18","229,67","","0,34%"
"23/07/2021","229,75","231,36","232,04","228,17","","-0,58%"
"22/07/2021","231,09","230,81","231,68","228,17","","0,50%"
"21/07/2021","229,95","226,17","230,31","226,12","","1,04%"
"20/07/2021","227,58","230,13","230,45","226,26","","-0,59%"
"19/07/2021","228,94","233,09","233,22","228,03","","-2,52%"
"16/07/2021","234,86","240,60","241,37","233,45","","-2,27%"
"15/07/2021","240,32","240,14","241,10","239,19","","0,47%"
"14/07/2021","239,20","237,19","241,97","237,00","","0,50%"
"13/07/2021","238,00","240,42","240,69","236,87","","-0,38%"
"12/07/2021","238,91","238,78","239,92","236,14","","0,02%"
"09/07/2021","238,86","236,59","239,32","235,14","","0,95%"
"08/07/2021","236,61","237,09","239,55","235,64","","-0,54%"
"07/07/2021","237,90","239,19","241,69","237,50","","-0,17%"
"06/07/2021","238,31","242,83","245,02","237,69","","-1,23%"
"02/07/2021","241,29","238,23","242,79","237,64","","1,54%"
"01/07/2021","237,64","239,64","241,42","237,19","","-0,36%"
"30/06/2021","238,50","236,37","238,73","234,91","","1,13%"
"29/06/2021","235,83","238,05","238,87","233,22","","-1,34%"
"28/06/2021","239,04","236,37","239,78","236,14","","0,49%"
"25/06/2021","237,88","238,14","240,46","237,50","","0,14%"
"24/06/2021","237,54","236,64","239,19","235,91","","-0,24%"
"23/06/2021","238,11","235,64","240,37","235,64","","0,98%"
"22/06/2021","235,80","236,59","237,82","234,77","","-0,64%"
"21/06/2021","237,32","236,78","238,23","233,27","","0,22%"
"18/06/2021","236,81","238,78","242,10","236,27","","0,45%"
"17/06/2021","235,75","248,02","248,52","235,41","","-7,02%"
"16/06/2021","253,56","252,80","254,94","252,71","","0,43%"
"15/06/2021","252,48","253,16","254,17","250,57","","-1,23%"
"14/06/2021","255,61","254,39","256,62","251,34","","-0,38%"
"11/06/2021","256,58","256,88","259,14","255,58","","0,42%"
"10/06/2021","255,51","253,51","255,99","251,44","","0,11%"
"09/06/2021","255,24","252,81","256,40","251,84","","0,98%"
"08/06/2021","252,77","254,85","255,07","251,79","","-1,02%"
"07/06/2021","255,39","252,99","255,77","251,58","","0,44%"
"04/06/2021","254,28","249,26","254,95","249,17","","1,52%"
"03/06/2021","250,46","258,33","258,51","247,12","","-2,58%"
"02/06/2021","257,09","254,23","257,42","253,22","","0,36%"
"01/06/2021","256,16","258,42","261,56","255,59","","0,31%"
"28/05/2021","255,36","253,86","256,05","250,49","","0,26%"
"27/05/2021","254,68","252,22","255,09","251,58","","0,23%"
"26/05/2021","254,11","257,51","258,28","253,68","","-0,64%"
"25/05/2021","255,74","252,13","256,60","251,17","","0,54%"
"24/05/2021","254,36","253,68","255,36","251,63","","1,52%"
"21/05/2021","250,54","252,54","256,96","248,66","","-2,07%"
"20/05/2021","255,84","252,99","256,37","251,90","","0,15%"
"19/05/2021","255,46","256,91","258,46","250,26","","-1,09%"
"18/05/2021","258,26","262,02","262,66","256,50","","0,21%"
"17/05/2021","257,73","252,49","258,37","250,94","","3,32%"
"14/05/2021","249,44","246,89","251,45","245,47","","1,13%"
"13/05/2021","246,65","248,57","248,57","244,34","","-0,68%"
"12/05/2021","248,34","250,31","253,50","248,07","","-1,53%"
"11/05/2021","252,19","249,90","252,40","247,84","","0,64%"
"10/05/2021","250,60","252,99","255,14","250,03","","0,05%"
"07/05/2021","250,46","250,31","253,36","248,25","","0,00%"
"06/05/2021","250,46","241,51","251,45","241,05","","3,60%"
"05/05/2021","241,76","242,79","243,47","238,64","","-0,14%"
"04/05/2021","242,08","245,43","248,21","238,50","","-1,49%"
"03/05/2021","245,75","237,00","247,12","236,54","","4,20%"
"30/04/2021","235,84","236,77","239,46","235,72","","-0,81%"
"29/04/2021","237,77","241,83","242,15","234,99","","-0,13%"
"28/04/2021","238,07","237,77","238,68","236,04","","-1,26%"
"27/04/2021","241,10","238,73","241,97","238,32","","0,77%"
"26/04/2021","239,25","238,27","239,69","236,50","","0,51%"
"23/04/2021","238,04","239,41","241,60","236,36","","-0,40%"
"22/04/2021","238,99","242,65","243,15","238,55","","-1,45%"
"21/04/2021","242,52","236,40","242,97","235,95","","2,83%"
"20/04/2021","235,86","236,36","238,55","234,86","","0,01%"
"19/04/2021","235,84","235,77","239,82","234,40","","-1,02%"
"16/04/2021","238,27","235,99","240,73","235,49","","0,55%"
"15/04/2021","236,98","232,39","237,91","231,71","","1,72%"
"14/04/2021","232,98","232,21","233,44","230,40","","0,38%"
"13/04/2021","232,09","227,03","232,94","225,93","","2,25%"
"12/04/2021","226,98","229,80","230,84","225,82","","-1,81%"
"09/04/2021","231,16","233,01","233,01","228,40","","-1,02%"
"08/04/2021","233,53","228,92","234,26","228,65","","1,34%"
"07/04/2021","230,45","229,38","231,16","227,32","","0,08%"
"06/04/2021","230,26","228,15","231,29","227,14","","1,80%"
"05/04/2021","226,18","228,51","229,42","225,13","","-0,67%"
"01/04/2021","227,72","222,76","227,74","221,62","","1,70%"
"31/03/2021","223,92","218,38","224,08","217,38","","1,64%"
"30/03/2021","220,31","225,50","226,05","219,38","","-2,56%"
"29/03/2021","226,10","228,05","228,37","223,58","","-1,37%"
"26/03/2021","229,23","230,29","231,11","227,55","","0,27%"
"25/03/2021","228,62","228,47","230,43","223,17","","-0,73%"
"24/03/2021","230,30","230,02","232,02","229,15","","0,02%"
"23/03/2021","230,26","234,31","235,36","229,79","","-2,10%"
"22/03/2021","235,21","235,27","236,09","232,34","","-2,10%"
"19/03/2021","240,25","237,82","240,92","236,86","","-0,11%"
"18/03/2021","240,52","243,16","244,03","236,32","","1,12%"
"17/03/2021","237,85","236,54","238,73","236,04","","0,21%"
"16/03/2021","237,35","239,92","241,02","236,45","","-1,08%"
"15/03/2021","239,95","238,87","240,83","236,04","","1,45%"
"12/03/2021","236,51","237,46","237,78","232,16","","-1,08%"
"11/03/2021","239,08","240,42","242,29","236,63","","0,24%"
"10/03/2021","238,51","236,27","239,33","233,94","","-0,20%"
"09/03/2021","238,99","231,25","239,05","230,93","","3,62%"
"08/03/2021","230,65","234,72","235,04","228,01","","-0,07%"
"05/03/2021","230,81","230,93","232,62","226,91","","-0,68%"
"04/03/2021","232,40","239,05","240,74","231,20","","-3,51%"
"03/03/2021","240,85","244,39","245,21","236,22","","-1,83%"
"02/03/2021","245,34","238,69","245,58","235,68","","0,75%"
"01/03/2021","243,51","245,35","247,95","242,25","","0,90%"
"26/02/2021","241,34","249,96","250,55","238,87","","-4,50%"
"25/02/2021","252,70","256,90","258,72","250,74","","-0,87%"
"24/02/2021","254,92","254,89","255,57","250,33","","0,67%"
"23/02/2021","253,22","259,23","259,32","249,96","","-1,38%"
"22/02/2021","256,77","251,88","256,90","249,96","","3,07%"
"19/02/2021","249,12","244,26","253,11","243,89","","0,65%"
"18/02/2021","247,52","251,10","252,15","246,04","","-0,87%"
"17/02/2021","249,71","250,78","251,10","246,13","","-0,04%"
"16/02/2021","249,81","254,98","256,44","245,81","","0,00%"
"12/02/2021","249,81","246,40","251,24","246,17","","1,02%"
"11/02/2021","247,28","245,81","249,96","245,18","","-0,11%"
"10/02/2021","247,55","251,10","252,04","246,08","","-1,17%"
"09/02/2021","250,48","252,87","254,71","248,09","","-0,61%"
"08/02/2021","252,03","247,10","253,09","246,36","","2,05%"
"05/02/2021","246,96","240,85","247,75","240,62","","2,99%"
"04/02/2021","239,79","243,41","244,82","237,28","","-2,44%"
"03/02/2021","245,77","247,79","248,80","242,67","","1,84%"
"02/02/2021","241,32","261,00","263,93","241,07","","-10,25%"
"01/02/2021","268,89","263,47","277,00","259,45","","9,30%"
"29/01/2021","246,00","240,12","253,69","239,38","","3,83%"
"28/01/2021","236,93","229,51","247,15","227,59","","2,10%"
"27/01/2021","232,06","232,03","233,08","225,99","","-0,58%"
"26/01/2021","233,42","232,80","234,95","230,65","","0,21%"
"25/01/2021","232,93","234,54","236,14","230,47","","-0,28%"
"22/01/2021","233,59","233,85","234,86","229,24","","-1,15%"
"21/01/2021","236,31","237,56","238,79","234,91","","0,34%"
"20/01/2021","235,51","233,21","236,23","229,33","","1,76%"
"19/01/2021","231,43","230,47","232,76","229,15","","1,83%"
"15/01/2021","227,28","235,00","235,18","225,13","","-3,63%"
"14/01/2021","235,84","230,97","237,42","229,88","","0,90%"
"13/01/2021","233,74","234,63","235,09","230,33","","0,54%"
"12/01/2021","232,48","230,02","234,81","229,88","","0,60%"
"11/01/2021","231,10","226,54","231,48","224,90","","2,63%"
"08/01/2021","225,19","248,62","248,71","224,53","","-9,63%"
"07/01/2021","249,17","247,93","251,22","247,20","","0,81%"
"06/01/2021","247,17","250,31","256,89","244,32","","-2,16%"
"05/01/2021","252,64","250,95","253,14","249,99","","1,01%"
"04/01/2021","250,11","249,30","253,69","246,28","","3,60%"
"31/12/2020","241,41","243,63","244,18","240,89","","-0,61%"
"30/12/2020","242,88","242,08","243,59","240,75","","1,36%"
"29/12/2020","239,63","242,49","242,49","238,61","","-1,21%"
"28/12/2020","242,57","245,51","245,96","240,57","","2,44%"
"24/12/2020","236,81","237,19","238,33","233,44","","-0,05%"
"23/12/2020","236,93","232,07","237,01","231,57","","1,51%"
"22/12/2020","233,40","244,41","244,73","231,89","","-3,20%"
"21/12/2020","241,11","245,14","252,41","229,92","","1,33%"
"18/12/2020","237,95","237,51","240,80","236,50","","-0,57%"
"17/12/2020","239,30","232,39","240,39","232,25","","4,51%"
"16/12/2020","228,98","227,04","232,94","226,22","","1,66%"
"15/12/2020","225,25","220,42","225,76","220,37","","2,48%"
"14/12/2020","219,80","220,33","222,61","217,36","","-0,19%"
"11/12/2020","220,21","220,60","221,56","216,72","","-0,01%"
"10/12/2020","220,23","220,55","223,16","217,90","","0,43%"
"09/12/2020","219,28","224,07","224,71","218,59","","-3,02%"
"08/12/2020","226,09","226,77","228,64","224,44","","-0,23%"
"07/12/2020","226,62","221,83","227,91","216,08","","2,23%"
"04/12/2020","221,68","221,38","224,67","220,10","","0,48%"
"03/12/2020","220,62","219,69","223,16","218,09","","0,24%"
"02/12/2020","220,10","216,94","223,39","216,53","","-0,04%"
"01/12/2020","220,19","209,63","220,87","209,13","","6,63%"
"30/11/2020","206,51","201,68","207,62","200,77","","-0,20%"
"27/11/2020","206,93","212,83","213,84","204,79","","-3,44%"
"25/11/2020","214,30","214,25","216,08","212,15","","0,15%"
"24/11/2020","213,97","214,16","216,12","210,77","","-1,46%"
"23/11/2020","217,15","223,25","223,75","215,48","","-3,00%"
"20/11/2020","223,85","221,65","225,90","221,19","","1,35%"
"19/11/2020","220,87","223,66","223,66","217,45","","-1,60%"
"18/11/2020","224,47","224,62","227,46","222,75","","-0,84%"
"17/11/2020","226,37","228,05","228,37","225,03","","-0,61%"
"16/11/2020","227,75","230,47","230,93","223,07","","0,04%"
"13/11/2020","227,66","223,43","228,74","222,66","","1,89%"
"12/11/2020","223,44","224,09","224,95","221,67","","0,16%"
"11/11/2020","223,08","225,03","225,26","218,96","","-0,80%"
"10/11/2020","224,87","222,50","225,87","220,26","","3,21%"
"09/11/2020","217,88","238,36","239,80","217,09","","-7,64%"
"06/11/2020","235,91","233,73","238,56","230,79","","1,87%"
"05/11/2020","231,58","222,24","232,26","221,51","","5,43%"
"04/11/2020","219,65","217,05","223,30","215,85","","-1,81%"
"03/11/2020","223,70","222,38","225,04","220,54","","1,25%"
"02/11/2020","220,94","220,91","222,93","219,02","","1,64%"
"30/10/2020","217,38","216,36","219,71","213,65","","1,22%"
"29/10/2020","214,75","215,25","217,41","208,08","","0,00%"
"28/10/2020","214,74","224,54","226,70","212,08","","-4,93%"
"27/10/2020","225,87","225,27","227,30","223,30","","0,61%"
"26/10/2020","224,49","223,94","226,29","222,06","","-1,03%"
"23/10/2020","226,84","227,30","229,55","225,37","","-0,14%"
"22/10/2020","227,15","229,32","230,70","225,04","","-2,11%"
"21/10/2020","232,04","230,65","233,64","230,05","","1,04%"
"20/10/2020","229,64","224,86","229,92","224,40","","1,14%"
"19/10/2020","227,05","223,48","230,84","222,65","","1,20%"
"16/10/2020","224,36","224,63","226,65","222,98","","0,75%"
"15/10/2020","222,69","223,02","223,62","217,55","","-0,70%"
"14/10/2020","224,26","221,78","227,30","221,46","","1,10%"
"13/10/2020","221,82","230,65","231,66","220,77","","-4,52%"
"12/10/2020","232,32","234,33","236,35","229,32","","0,65%"
"09/10/2020","230,82","223,90","231,85","223,11","","5,16%"
"08/10/2020","219,49","220,31","223,80","218,61","","-0,08%"
"07/10/2020","219,68","215,94","221,51","215,71","","-0,10%"
"06/10/2020","219,91","224,86","226,61","219,34","","-2,60%"
"05/10/2020","225,78","221,74","226,56","218,93","","2,21%"
"02/10/2020","220,90","218,38","223,80","216,91","","-0,93%"
"01/10/2020","222,97","216,59","223,44","216,17","","3,23%"
"30/09/2020","215,98","222,70","223,21","215,12","","-3,89%"
"29/09/2020","224,72","218,93","224,91","216,13","","3,56%"
"28/09/2020","216,99","211,62","217,32","207,90","","2,21%"
"25/09/2020","212,29","210,93","215,12","207,21","","-0,44%"
"24/09/2020","213,24","207,35","214,10","200,59","","0,39%"
"23/09/2020","212,40","224,45","224,81","211,81","","-5,78%"
"22/09/2020","225,44","226,52","228,81","220,17","","0,56%"
"21/09/2020","224,19","248,30","249,08","219,12","","-10,11%"
"18/09/2020","249,40","250,79","252,30","247,11","","0,11%"
"17/09/2020","249,13","249,13","250,51","243,38","","-1,37%"
"16/09/2020","252,59","252,12","254,37","251,34","","0,04%"
"15/09/2020","252,48","253,59","256,12","250,19","","0,40%"
"14/09/2020","251,47","249,36","253,18","247,52","","1,85%"
"11/09/2020","246,90","247,20","250,37","245,73","","-1,59%"
"10/09/2020","250,89","250,65","254,97","249,22","","0,77%"
"09/09/2020","248,97","246,79","249,77","244,30","","0,34%"
"08/09/2020","248,13","247,66","250,79","239,11","","1,04%"
"04/09/2020","245,56","248,07","250,14","243,52","","-0,61%"
"03/09/2020","247,06","255,43","256,30","244,95","","-1,90%"
"02/09/2020","251,84","260,12","261,13","250,74","","-4,36%"
"01/09/2020","263,33","264,02","268,71","262,41","","0,18%"
"31/08/2020","262,86","260,35","263,33","256,02","","2,89%"
"28/08/2020","255,47","251,70","257,22","251,38","","2,18%"
"27/08/2020","250,03","252,12","259,15","245,77","","-1,47%"
"26/08/2020","253,76","245,22","254,28","241,91","","4,46%"
"25/08/2020","242,93","247,94","248,21","241,68","","-1,28%"
"24/08/2020","246,08","245,82","252,62","243,48","","-0,41%"
"21/08/2020","247,08","253,50","254,69","241,32","","-1,55%"
"20/08/2020","250,98","249,41","253,96","246,60","","-0,67%"
"19/08/2020","252,68","256,99","259,75","251,52","","-2,68%"
"18/08/2020","259,64","258,97","264,44","251,80","","1,47%"
"17/08/2020","255,88","241,55","255,98","241,45","","6,00%"
"14/08/2020","241,39","254,60","255,61","238,65","","-5,98%"
"13/08/2020","256,75","240,34","257,84","238,56","","6,69%"
"12/08/2020","240,66","228,19","244,03","218,72","","-0,27%"
"11/08/2020","241,31","270,27","270,57","240,75","","-10,97%"
"10/08/2020","271,05","260,00","273,33","259,40","","6,21%"
"07/08/2020","255,20","270,63","270,67","254,92","","-3,03%"
"06/08/2020","263,17","250,75","264,23","250,33","","5,62%"
"05/08/2020","249,18","241,62","252,33","238,89","","3,31%"
"04/08/2020","241,19","226,29","241,35","224,71","","6,60%"
"03/08/2020","226,26","226,33","227,86","224,25","","0,83%"
"31/07/2020","224,40","219,89","227,31","219,01","","3,66%"
"30/07/2020","216,48","225,41","226,10","213,22","","-3,94%"
"29/07/2020","225,37","226,56","227,63","222,86","","0,09%"
"28/07/2020","225,18","240,97","243,24","208,36","","-0,82%"
"27/07/2020","227,04","215,82","229,76","215,49","","7,23%"
"24/07/2020","211,74","211,46","214,66","209,33","","-0,60%"
"23/07/2020","213,02","212,99","216,65","209,42","","-0,67%"
"22/07/2020","214,46","211,37","216,28","201,73","","7,36%"
"21/07/2020","199,76","188,67","200,34","188,67","","6,76%"
"20/07/2020","187,11","182,27","188,02","182,13","","2,17%"
"17/07/2020","183,14","179,58","183,38","179,40","","0,98%"
"16/07/2020","181,37","183,01","183,48","180,74","","-0,95%"
"15/07/2020","183,11","182,36","183,57","181,02","","1,18%"
"14/07/2020","180,97","180,42","181,58","178,33","","-1,30%"
"13/07/2020","183,36","177,96","183,52","177,96","","3,86%"
"10/07/2020","176,55","176,80","177,82","175,23","","0,48%"
"09/07/2020","175,71","177,59","180,19","174,53","","-1,04%"
"08/07/2020","177,55","172,63","177,92","172,36","","2,47%"
"07/07/2020","173,27","172,40","173,38","169,02","","0,63%"
"06/07/2020","172,19","169,34","174,02","169,07","","1,42%"
"02/07/2020","169,78","168,65","170,46","166,84","","0,57%"
"01/07/2020","168,82","172,54","174,63","167,72","","-2,25%"
"30/06/2020","172,70","167,40","172,82","167,07","","3,17%"
"29/06/2020","167,39","168,74","169,21","166,24","","-0,57%"
"26/06/2020","168,35","167,12","169,11","163,92","","0,65%"
"25/06/2020","167,27","164,57","167,45","163,60","","1,35%"
"24/06/2020","165,04","169,44","169,53","163,78","","-2,35%"
"23/06/2020","169,01","166,98","169,62","165,96","","0,91%"
"22/06/2020","167,48","169,76","170,09","167,21","","0,29%"
"19/06/2020","167,00","163,97","168,70","163,69","","1,99%"
"18/06/2020","163,74","165,31","167,45","163,04","","-1,47%"
"17/06/2020","166,18","164,11","166,33","163,78","","0,76%"
"16/06/2020","164,92","163,74","166,05","163,23","","1,40%"
"15/06/2020","162,64","164,29","164,29","159,15","","-0,51%"
"12/06/2020","163,48","164,57","167,07","163,32","","-2,32%"
"11/06/2020","167,36","169,70","171,35","166,17","","0,50%"
"10/06/2020","166,54","167,16","169,98","165,67","","-0,04%"
"09/06/2020","166,60","167,66","168,22","165,65","","-0,58%"
"08/06/2020","167,57","165,21","167,95","165,13","","2,38%"
"05/06/2020","163,67","168,18","168,60","162,75","","-3,22%"
"04/06/2020","169,12","167,76","169,63","166,54","","0,57%"
"03/06/2020","168,16","171,08","171,55","165,79","","-1,65%"
"02/06/2020","170,99","175,95","176,28","169,68","","-3,01%"
"01/06/2020","176,30","175,53","177,45","173,00","","1,77%"
"29/05/2020","173,22","167,99","173,37","167,57","","2,96%"
"28/05/2020","168,24","167,01","169,49","166,12","","1,18%"
"27/05/2020","166,28","164,85","166,45","161,30","","0,92%"
"26/05/2020","164,76","167,76","168,93","164,34","","-0,55%"
"22/05/2020","165,68","162,28","166,16","161,25","","1,89%"
"21/05/2020","162,60","166,96","168,08","161,76","","-3,70%"
"20/05/2020","168,84","169,68","170,00","166,59","","0,73%"
"19/05/2020","167,63","163,92","167,99","162,56","","2,48%"
"18/05/2020","163,57","164,43","168,27","160,55","","2,33%"
"15/05/2020","159,84","153,24","160,36","153,05","","5,66%"
"14/05/2020","151,29","147,01","151,51","146,69","","3,09%"
"13/05/2020","146,74","146,97","148,79","145,94","","-0,24%"
"12/05/2020","147,10","146,36","148,70","146,31","","0,18%"
"11/05/2020","146,83","148,70","148,84","145,28","","-0,62%"
"08/05/2020","147,75","147,48","149,59","145,70","","1,21%"
"07/05/2020","145,98","141,02","146,36","140,69","","3,83%"
"06/05/2020","140,60","142,89","143,97","140,55","","-0,63%"
"05/05/2020","141,49","139,43","141,54","138,26","","2,12%"
"04/05/2020","138,55","140,32","142,15","138,31","","-0,95%"
"01/05/2020","139,88","141,40","141,58","138,87","","-0,23%"
"30/04/2020","140,21","145,05","149,22","139,29","","-2,23%"
"29/04/2020","143,41","144,77","145,94","143,32","","-0,08%"
"28/04/2020","143,53","142,61","145,10","141,26","","-0,08%"
"27/04/2020","143,65","145,84","146,31","143,32","","-0,67%"
"24/04/2020","144,63","145,10","147,30","143,13","","-0,52%"
"23/04/2020","145,39","146,13","148,75","145,19","","0,15%"
"22/04/2020","145,17","140,79","145,33","139,57","","3,42%"
"21/04/2020","140,38","146,03","146,69","137,84","","-4,82%"
"20/04/2020","147,48","144,44","148,00","144,16","","1,97%"
"17/04/2020","144,63","147,58","147,81","143,69","","-2,04%"
"16/04/2020","147,63","147,48","147,63","147,48","","0,72%"
"15/04/2020","146,58","151,70","151,79","146,36","","-4,20%"
"14/04/2020","153,02","151,25","154,53","149,97","","3,83%"
"13/04/2020","147,37","146,93","149,31","145,74","","-3,15%"
"09/04/2020","152,16","144,44","152,45","144,13","","5,90%"
"08/04/2020","143,69","144,26","145,86","143,46","","-1,76%"
"07/04/2020","146,26","147,07","149,38","145,70","","2,05%"
"06/04/2020","143,32","136,77","144,09","136,77","","4,66%"
"03/04/2020","136,95","137,85","139,27","136,48","","-1,09%"
"02/04/2020","138,46","132,75","138,99","132,51","","4,79%"
"01/04/2020","132,13","133,98","134,74","131,95","","-1,22%"
"31/03/2020","133,75","134,55","136,29","132,80","","0,17%"
"30/03/2020","133,53","133,60","136,06","131,99","","-2,77%"
"27/03/2020","137,32","139,13","139,93","135,63","","-0,97%"
"26/03/2020","138,67","136,86","141,44","136,06","","-1,32%"
"25/03/2020","140,53","137,43","140,92","134,22","","4,32%"
"24/03/2020","134,71","131,52","135,11","125,00","","7,51%"
"23/03/2020","125,30","118,81","125,62","117,59","","7,07%"
"20/03/2020","117,02","116,64","123,73","116,40","","2,07%"
"19/03/2020","114,65","115,27","115,89","111,44","","3,08%"
"18/03/2020","111,23","120,51","121,70","110,41","","-5,79%"
"17/03/2020","118,06","119,95","124,25","114,52","","-2,50%"
"16/03/2020","121,09","138,09","139,36","111,44","","-11,61%"
"13/03/2020","137,00","145,79","149,81","136,91","","-9,40%"
"12/03/2020","151,22","156,66","158,26","146,55","","-4,60%"
"11/03/2020","158,51","161,19","161,62","158,40","","-1,06%"
"10/03/2020","160,20","161,24","162,37","158,78","","-0,58%"
"09/03/2020","161,13","162,37","162,42","156,51","","-1,21%"
"06/03/2020","163,11","163,88","166,01","161,29","","-0,75%"
"05/03/2020","164,34","162,56","164,54","162,04","","0,85%"
"04/03/2020","162,95","163,03","163,79","161,38","","0,34%"
"03/03/2020","162,40","160,01","165,02","158,26","","2,68%"
"02/03/2020","158,16","159,82","161,05","157,27","","1,71%"
"28/02/2020","155,49","166,29","166,29","155,10","","-7,21%"
"27/02/2020","167,57","170,45","171,58","167,52","","-1,00%"
"26/02/2020","169,26","171,35","172,34","168,42","","-1,94%"
"25/02/2020","172,60","176,36","176,59","172,01","","-3,65%"
"24/02/2020","179,14","177,21","179,57","176,45","","1,86%"
"21/02/2020","175,86","174,84","176,64","174,75","","1,14%"
"20/02/2020","173,89","174,23","174,84","172,81","","0,05%"
"19/02/2020","173,80","173,24","174,42","172,48","","0,89%"
"18/02/2020","172,27","169,69","172,76","169,03","","2,35%"
"14/02/2020","168,32","167,24","168,84","167,10","","0,64%"
"13/02/2020","167,25","166,77","168,12","166,76","","0,70%"
"12/02/2020","166,09","166,97","167,08","165,54","","-0,56%"
"11/02/2020","167,03","168,31","168,92","166,58","","-1,06%"
"10/02/2020","168,82","167,91","169,19","167,84","","0,53%"
"07/02/2020","167,93","169,01","169,29","167,35","","-0,71%"
"06/02/2020","169,13","167,39","169,62","167,30","","1,23%"
"05/02/2020","167,08","166,63","168,10","165,78","","0,23%"
"04/02/2020","166,69","168,01","168,63","166,25","","-0,62%"
"03/02/2020","167,72","169,77","169,77","166,92","","-1,90%"
"31/01/2020","170,97","169,15","171,71","168,77","","0,11%"
"30/01/2020","170,78","166,97","171,19","166,78","","2,89%"
"29/01/2020","165,99","165,35","166,25","164,83","","0,17%"
"28/01/2020","165,71","171,52","171,76","165,49","","-3,31%"
"27/01/2020","171,39","173,28","174,13","171,33","","-0,31%"
"24/01/2020","171,93","168,82","172,14","168,53","","1,59%"
"23/01/2020","169,23","168,48","169,53","167,01","","0,01%"
"22/01/2020","169,22","168,06","170,19","167,96","","0,11%"
"21/01/2020","169,03","172,04","172,28","167,30","","-1,47%"
"17/01/2020","171,55","170,86","172,57","170,29","","0,75%"
"16/01/2020","170,28","170,24","171,28","169,67","","-0,27%"
"15/01/2020","170,74","169,72","171,05","168,58","","1,39%"
"14/01/2020","168,41","169,05","169,58","167,96","","-1,41%"
"13/01/2020","170,82","171,24","171,62","170,29","","-0,60%"
"10/01/2020","171,85","169,86","172,52","169,53","","0,94%"
"09/01/2020","170,25","172,47","172,47","169,15","","-1,27%"
"08/01/2020","172,44","175,98","177,12","171,81","","-1,23%"
"07/01/2020","174,59","171,43","174,65","171,33","","1,18%"
"06/01/2020","172,56","175,41","175,70","171,33","","0,15%"
"03/01/2020","172,29","172,38","173,94","171,66","","0,58%"
"02/01/2020","171,29","170,10","172,23","169,77","","0,70%"
"31/12/2019","170,11","172,42","172,71","169,62","","-0,44%"
"30/12/2019","170,87","170,67","171,00","169,39","","0,32%"
"27/12/2019","170,32","170,90","171,33","169,43","","-0,26%"
"26/12/2019","170,76","171,19","172,14","169,48","","0,77%"
"24/12/2019","169,46","167,30","169,53","166,97","","2,02%"
"23/12/2019","166,10","164,12","166,25","164,12","","1,60%"
"20/12/2019","163,49","162,17","164,31","162,12","","0,41%"
"19/12/2019","162,83","162,27","163,03","160,89","","0,62%"
"18/12/2019","161,83","161,84","162,50","160,75","","-0,13%"
"17/12/2019","162,05","162,27","162,98","161,55","","-0,24%"
"16/12/2019","162,44","161,32","162,69","161,27","","0,59%"
"13/12/2019","161,48","161,13","162,12","160,42","","0,37%"
"12/12/2019","160,88","160,99","163,03","159,75","","0,59%"
"11/12/2019","159,93","158,56","160,42","158,04","","0,88%"
"10/12/2019","158,54","158,04","159,13","157,81","","0,36%"
"09/12/2019","157,97","157,62","158,80","157,57","","0,28%"
"06/12/2019","157,53","161,55","162,22","157,47","","-2,71%"
"05/12/2019","161,93","160,84","162,08","160,13","","0,85%"
"04/12/2019","160,57","163,50","164,97","160,13","","-1,92%"
"03/12/2019","163,72","161,32","164,02","160,84","","1,66%"
"02/12/2019","161,04","161,51","161,84","160,37","","-0,82%"
"29/11/2019","162,37","161,55","162,41","160,75","","0,30%"
"27/11/2019","161,89","162,65","162,98","161,60","","-0,77%"
"26/11/2019","163,15","161,18","163,41","160,84","","0,93%"
"25/11/2019","161,65","162,08","162,36","161,03","","-0,68%"
"22/11/2019","162,76","163,26","164,73","162,46","","-0,37%"
"21/11/2019","163,37","163,60","164,12","162,84","","-0,29%"
"20/11/2019","163,84","163,88","164,45","162,79","","-0,02%"
"19/11/2019","163,88","162,79","164,21","162,12","","0,71%"
"18/11/2019","162,72","161,70","162,93","160,04","","0,30%"
"15/11/2019","162,24","162,31","162,50","160,84","","-0,47%"
"14/11/2019","163,00","162,03","163,50","161,32","","0,67%"
"13/11/2019","161,91","161,03","162,68","160,85","","1,32%"
"12/11/2019","159,80","161,09","161,36","159,09","","-0,66%"
"11/11/2019","160,86","161,05","161,87","159,29","","-0,12%"
"08/11/2019","161,06","162,78","163,37","159,54","","-1,10%"
"07/11/2019","162,85","168,55","168,79","162,18","","-3,34%"
"06/11/2019","168,48","168,12","168,79","166,25","","0,17%"
"05/11/2019","168,19","172,43","173,14","167,73","","-2,76%"
"04/11/2019","172,96","173,57","174,48","171,99","","0,08%"
"01/11/2019","172,83","173,05","173,81","171,80","","-0,08%"
"31/10/2019","172,97","171,85","174,05","171,13","","1,12%"
"30/10/2019","171,06","170,37","171,99","169,98","","0,20%"
"29/10/2019","170,71","170,41","171,37","168,60","","-0,25%"
"28/10/2019","171,14","173,19","173,72","170,37","","-0,28%"
"25/10/2019","171,62","170,89","175,63","170,70","","0,69%"
"24/10/2019","170,45","168,21","170,94","167,45","","1,27%"
"23/10/2019","168,31","168,07","168,79","167,69","","0,46%"
"22/10/2019","167,54","168,16","169,27","167,02","","-0,58%"
"21/10/2019","168,52","168,02","171,28","168,02","","0,14%"
"18/10/2019","168,29","167,93","168,64","166,82","","-0,19%"
"17/10/2019","168,61","166,30","169,12","165,92","","1,06%"
"16/10/2019","166,84","167,16","167,30","164,53","","0,25%"
"15/10/2019","166,43","169,94","169,94","166,35","","-1,84%"
"14/10/2019","169,55","168,45","169,70","168,02","","0,95%"
"11/10/2019","167,96","168,16","170,27","166,35","","-0,33%"
"10/10/2019","168,52","171,18","171,37","167,11","","-1,17%"
"09/10/2019","170,51","170,18","172,28","169,84","","0,62%"
"08/10/2019","169,46","167,16","170,94","166,35","","0,91%"
"07/10/2019","167,93","168,60","168,79","166,92","","-0,48%"
"04/10/2019","168,74","169,31","169,51","166,15","","-0,29%"
"03/10/2019","169,23","169,07","170,85","167,73","","-0,04%"
"02/10/2019","169,29","165,58","169,46","165,05","","2,20%"
"01/10/2019","165,65","163,09","166,35","162,23","","1,79%"
"30/09/2019","162,74","167,35","167,64","162,66","","-3,70%"
"27/09/2019","169,00","171,37","171,56","166,11","","-1,45%"
"26/09/2019","171,49","172,52","173,33","170,41","","-0,89%"
"25/09/2019","173,03","178,17","179,08","172,04","","-2,98%"
"24/09/2019","178,34","178,60","179,27","175,44","","-0,44%"
"23/09/2019","179,14","174,91","179,22","174,87","","4,83%"
"20/09/2019","170,88","171,52","172,71","170,51","","-0,20%"
"19/09/2019","171,22","169,98","172,38","169,51","","-0,20%"
"18/09/2019","171,55","172,62","172,95","170,56","","-1,22%"
"17/09/2019","173,67","171,90","173,86","170,65","","0,63%"
"16/09/2019","172,58","172,43","173,00","170,75","","2,60%"
"13/09/2019","168,20","173,48","174,82","167,69","","-3,34%"
"12/09/2019","174,02","173,77","177,60","173,14","","0,04%"
"11/09/2019","173,96","174,29","175,44","172,19","","-0,09%"
"10/09/2019","174,11","171,42","174,77","171,13","","0,10%"
"09/09/2019","173,93","174,63","175,97","172,57","","0,26%"
"06/09/2019","173,47","178,98","180,80","173,10","","-3,66%"
"05/09/2019","180,06","185,97","187,55","177,93","","-3,79%"
"04/09/2019","187,14","185,64","187,36","184,63","","1,61%"
"03/09/2019","184,17","177,16","184,54","176,49","","4,88%"
"30/08/2019","175,60","175,01","177,83","174,91","","0,10%"
"29/08/2019","175,42","176,83","179,51","174,58","","-0,72%"
"28/08/2019","176,70","176,59","178,27","173,96","","0,86%"
"27/08/2019","175,18","170,46","175,44","170,03","","2,88%"
"26/08/2019","170,27","170,75","171,23","168,98","","1,32%"
"23/08/2019","168,06","164,00","168,45","163,76","","2,19%"
"22/08/2019","164,46","164,91","165,24","163,28","","-0,65%"
"21/08/2019","165,53","164,91","165,68","163,86","","0,02%"
"20/08/2019","165,49","162,90","165,53","162,56","","1,23%"
"19/08/2019","163,48","164,43","164,77","162,42","","-1,08%"
"16/08/2019","165,27","166,11","166,54","164,38","","-0,52%"
"15/08/2019","166,14","166,87","167,35","164,96","","-0,40%"
"14/08/2019","166,80","162,80","167,02","162,80","","1,73%"
"13/08/2019","163,95","167,23","168,76","159,49","","-0,49%"
"12/08/2019","164,75","163,31","164,81","162,19","","0,82%"
"09/08/2019","163,42","164,79","165,37","162,76","","-0,02%"
"08/08/2019","163,45","164,97","166,15","162,29","","-1,51%"
"07/08/2019","165,96","161,80","166,04","160,83","","4,57%"
"06/08/2019","158,71","158,56","159,29","157,94","","0,32%"
"05/08/2019","158,21","156,39","160,06","155,81","","0,76%"
"02/08/2019","157,02","156,78","157,60","155,09","","0,56%"
"01/08/2019","156,15","156,15","156,73","153,83","","-1,37%"
"31/07/2019","158,32","159,58","159,67","157,45","","-0,92%"
"30/07/2019","159,80","158,71","159,87","158,66","","0,72%"
"29/07/2019","158,66","158,66","158,76","157,89","","0,26%"
"26/07/2019","158,24","158,51","159,62","157,89","","-0,09%"
"25/07/2019","158,38","159,96","160,98","157,79","","-1,29%"
"24/07/2019","160,45","159,05","160,98","158,80","","0,91%"
"23/07/2019","159,01","156,97","159,87","156,39","","0,40%"
"22/07/2019","158,38","157,40","158,80","157,26","","1,33%"
"19/07/2019","156,29","158,95","160,44","155,43","","-0,02%"
"18/07/2019","156,32","155,52","156,83","154,36","","1,42%"
"17/07/2019","154,13","151,04","154,17","150,46","","1,87%"
"16/07/2019","151,31","148,43","151,81","148,24","","2,04%"
"15/07/2019","148,28","146,69","148,53","146,55","","0,85%"
"12/07/2019","147,04","146,45","147,13","145,44","","0,59%"
"11/07/2019","146,17","147,42","148,09","146,11","","-0,53%"
"10/07/2019","146,94","145,53","147,75","145,44","","0,52%"
"09/07/2019","146,18","145,20","146,26","144,47","","0,64%"
"08/07/2019","145,24","145,10","146,16","144,96","","0,33%"
"05/07/2019","144,77","147,71","147,80","143,99","","-2,18%"
"03/07/2019","148,00","148,57","148,67","147,08","","0,64%"
"02/07/2019","147,06","146,84","147,56","145,53","","0,30%"
"01/07/2019","146,62","147,32","148,09","146,26","","-0,96%"
"28/06/2019","148,05","148,28","148,43","147,22","","0,31%"
"27/06/2019","147,60","147,75","147,90","146,79","","-0,53%"
"26/06/2019","148,38","148,14","148,72","147,13","","-0,05%"
"25/06/2019","148,46","150,12","150,36","148,09","","-0,50%"
"24/06/2019","149,21","149,20","149,93","148,38","","0,59%"
"21/06/2019","148,33","150,50","150,79","147,03","","-1,27%"
"20/06/2019","150,24","147,61","150,46","147,46","","3,57%"
"19/06/2019","145,07","144,96","145,49","144,57","","-0,23%"
"18/06/2019","145,41","144,04","146,26","143,70","","1,11%"
"17/06/2019","143,82","143,94","144,38","143,12","","0,16%"
"14/06/2019","143,58","144,47","146,55","143,56","","-0,57%"
"13/06/2019","144,41","143,28","144,47","142,93","","0,93%"
"12/06/2019","143,09","143,05","144,10","142,97","","0,08%"
"11/06/2019","142,97","142,42","143,34","141,90","","0,69%"
"10/06/2019","141,99","143,65","143,68","141,89","","-2,61%"
"07/06/2019","145,79","144,27","146,94","143,94","","0,85%"
"06/06/2019","144,57","143,26","145,39","143,21","","0,77%"
"05/06/2019","143,46","143,60","145,83","143,16","","0,15%"
"04/06/2019","143,25","143,06","143,79","142,04","","0,20%"
"03/06/2019","142,97","141,95","143,35","141,27","","1,19%"
"31/05/2019","141,29","140,69","142,29","140,25","","0,52%"
"30/05/2019","140,55","139,23","141,17","139,09","","0,56%"
"29/05/2019","139,77","139,04","140,15","138,94","","0,64%"
"28/05/2019","138,89","140,83","141,03","138,46","","-1,61%"
"24/05/2019","141,17","141,22","141,46","140,83","","-0,40%"
"23/05/2019","141,73","139,96","141,95","139,67","","1,13%"
"22/05/2019","140,14","139,86","140,44","139,38","","0,27%"
"21/05/2019","139,76","140,01","140,10","139,18","","-0,24%"
"20/05/2019","140,10","139,76","140,15","139,28","","0,40%"
"17/05/2019","139,55","140,78","140,98","139,52","","-1,04%"
"16/05/2019","141,02","143,35","143,79","140,88","","-1,84%"
"15/05/2019","143,66","143,64","144,13","143,21","","0,00%"
"14/05/2019","143,66","143,45","144,18","143,01","","0,24%"
"13/05/2019","143,32","142,82","143,64","141,75","","-0,09%"
"10/05/2019","143,45","143,84","144,03","142,97","","0,12%"
"09/05/2019","143,29","143,89","144,23","142,63","","-0,60%"
"08/05/2019","144,15","145,05","145,34","143,89","","-0,43%"
"07/05/2019","144,77","144,86","145,05","143,64","","-0,01%"
"06/05/2019","144,78","144,52","144,86","143,30","","-0,34%"
"03/05/2019","145,27","141,75","145,44","141,70","","2,47%"
"02/05/2019","141,77","142,34","142,82","141,32","","-0,76%"
"01/05/2019","142,86","144,86","145,05","142,58","","-1,70%"
"30/04/2019","145,33","145,24","145,88","143,89","","0,34%"
"29/04/2019","144,84","146,26","146,41","144,61","","-1,03%"
"26/04/2019","146,34","145,73","146,65","145,00","","0,86%"
"25/04/2019","145,10","145,10","146,02","144,47","","-0,24%"
"24/04/2019","145,45","144,03","145,83","143,74","","0,88%"
"23/04/2019","144,18","146,12","146,17","143,40","","-1,28%"
"22/04/2019","146,05","146,36","146,65","145,83","","0,13%"
"18/04/2019","145,86","145,39","146,17","145,24","","0,13%"
"17/04/2019","145,66","145,92","146,80","145,10","","0,13%"
"16/04/2019","145,47","145,49","145,92","144,71","","-0,42%"
"15/04/2019","146,09","145,05","146,21","144,37","","0,06%"
"12/04/2019","146,00","145,63","146,99","145,39","","0,64%"
"11/04/2019","145,07","148,15","148,41","144,87","","-2,47%"
"10/04/2019","148,75","147,88","148,94","147,51","","0,21%"
"09/04/2019","148,43","148,41","149,35","148,16","","-0,03%"
"08/04/2019","148,48","147,86","149,05","147,24","","0,86%"
"05/04/2019","147,21","147,39","148,08","146,76","","0,01%"
"04/04/2019","147,19","147,39","147,59","145,05","","-0,12%"
"03/04/2019","147,36","147,59","147,93","146,37","","0,27%"
"02/04/2019","146,96","147,10","147,20","145,44","","-0,25%"
"01/04/2019","147,33","147,59","148,17","146,66","","-0,07%"
"29/03/2019","147,44","146,42","148,12","145,88","","0,92%"
"28/03/2019","146,10","148,81","149,44","145,93","","-2,12%"
"27/03/2019","149,28","150,86","150,91","149,05","","-0,85%"
"26/03/2019","150,55","151,69","151,78","150,17","","-0,89%"
"25/03/2019","151,90","150,66","152,08","150,61","","1,04%"
"22/03/2019","150,34","151,15","151,74","149,98","","-0,19%"
"21/03/2019","150,63","151,93","152,71","150,13","","0,78%"
"20/03/2019","149,47","149,64","150,47","148,95","","-0,35%"
"19/03/2019","150,00","149,93","150,76","149,49","","0,33%"
"18/03/2019","149,51","148,91","150,52","148,81","","-0,01%"
"15/03/2019","149,53","148,32","150,17","148,22","","1,01%"
"14/03/2019","148,04","150,37","150,56","147,69","","-1,84%"
"13/03/2019","150,82","150,81","151,74","150,66","","0,28%"
"12/03/2019","150,40","149,88","151,15","149,73","","0,91%"
"11/03/2019","149,04","149,39","149,93","148,56","","-0,49%"
"08/03/2019","149,77","146,95","150,13","146,81","","2,05%"
"07/03/2019","146,76","147,34","147,64","146,27","","-0,30%"
"06/03/2019","147,20","147,39","148,03","146,95","","-0,13%"